0,0.5,0.5,0.5,0.001,False,[]
1,1.5,0.5,0.5,0.001,False,[]
2,2.5,0.5,0.5,0.001,False,[]
3,3.5,0.5,0.5,0.001,False,[]
4,4.5,0.5,0.5,0.001,False,[]
5,5.5,0.5,0.5,0.001,False,[]
6,6.5,0.5,0.5,0.001,False,[]
7,7.5,0.5,0.5,0.001,False,[]
8,8.5,0.5,0.5,0.001,False,[]
9,9.5,0.5,0.5,0.001,False,[]
10,0.5,1.5,0.5,0.001,False,[]
11,1.5,1.5,0.5,0.001,False,[]
12,2.5,1.5,0.5,0.001,False,[]
13,3.5,1.5,0.5,0.001,False,[]
14,4.5,1.5,0.5,0.001,False,[]
15,5.5,1.5,0.5,0.001,False,[]
16,6.5,1.5,0.5,0.001,False,[]
17,7.5,1.5,0.5,0.001,False,[]
18,8.5,1.5,0.5,0.001,False,[]
19,9.5,1.5,0.5,0.001,False,[]
20,0.5,2.5,0.5,0.001,False,[]
21,1.5,2.5,0.5,1.0,True,[31, 22, 32]
22,2.5,2.5,0.5,1.0,True,[23, 32, 21, 33, 31]
23,3.5,2.5,0.5,1.0,True,[22, 33, 24, 32, 34]
24,4.5,2.5,0.5,1.0,True,[34, 23, 25, 33, 35]
25,5.5,2.5,0.5,1.0,True,[24, 35, 26, 34, 36]
26,6.5,2.5,0.5,1.0,True,[36, 25, 27, 35, 37]
27,7.5,2.5,0.5,1.0,True,[26, 37, 28, 36, 38]
28,8.5,2.5,0.5,1.0,True,[38, 27, 29, 37, 39]
29,9.5,2.5,0.5,1.0,True,[39, 28, 38]
30,0.5,3.5,0.5,0.001,False,[]
31,1.5,3.5,0.5,1.0,True,[32, 41, 21, 42, 22]
32,2.5,3.5,0.5,1.0,True,[31, 42, 33, 22, 43, 23, 41, 21]
33,3.5,3.5,0.5,1.0,True,[23, 43, 32, 34, 42, 44, 22, 24]
34,4.5,3.5,0.5,1.0,True,[35, 44, 33, 24, 23, 43, 45, 25]
35,5.5,3.5,0.5,1.0,True,[25, 45, 34, 36, 44, 24, 46, 26]
36,6.5,3.5,0.5,1.0,True,[37, 35, 46, 26, 45, 47, 25, 27]
37,7.5,3.5,0.5,1.0,True,[27, 47, 36, 38, 46, 48, 26, 28]
38,8.5,3.5,0.5,1.0,True,[39, 48, 37, 28, 49, 27, 47, 29]
39,9.5,3.5,0.5,1.0,True,[38, 49, 29, 48, 28]
40,0.5,4.5,0.5,0.001,False,[]
41,1.5,4.5,0.5,1.0,True,[51, 31, 42, 32, 52]
42,2.5,4.5,0.5,1.0,True,[52, 43, 32, 41, 53, 31, 33, 152, 51]
43,3.5,4.5,0.5,1.0,True,[53, 33, 42, 44, 34, 32, 52, 54, 153]
44,4.5,4.5,0.5,1.0,True,[43, 34, 54, 45, 33, 35, 154, 53, 55]
45,5.5,4.5,0.5,1.0,True,[44, 35, 55, 46, 54, 34, 155, 36, 56]
46,6.5,4.5,0.5,1.0,True,[36, 45, 47, 56, 35, 55, 37, 57, 156]
47,7.5,4.5,0.5,1.0,True,[57, 37, 46, 48, 38, 36, 56, 157, 58]
48,8.5,4.5,0.5,1.0,True,[49, 38, 58, 47, 37, 39, 59, 158, 57]
49,9.5,4.5,0.5,1.0,True,[59, 39, 48, 38, 58]
50,0.5,5.5,0.5,0.001,False,[]
51,1.5,5.5,0.5,1.0,True,[41, 52, 61, 42, 152, 62]
52,2.5,5.5,0.5,1.0,True,[42, 53, 152, 51, 62, 41, 63, 43, 153, 61]
53,3.5,5.5,0.5,1.0,True,[153, 52, 54, 43, 63, 42, 154, 152, 64, 44]
54,4.5,5.5,0.5,1.0,True,[55, 44, 53, 154, 64, 43, 153, 65, 155, 45]
55,5.5,5.5,0.5,1.0,True,[56, 45, 155, 54, 65, 156, 154, 44, 46, 64]
56,6.5,5.5,0.5,1.0,True,[46, 55, 57, 156, 66, 157, 67, 45, 155, 47]
57,7.5,5.5,0.5,1.0,True,[47, 56, 157, 58, 67, 46, 158, 156, 48, 68]
58,8.5,5.5,0.5,1.0,True,[48, 158, 59, 57, 68, 157, 47, 69, 49, 67]
59,9.5,5.5,0.5,1.0,True,[49, 58, 69, 48, 158, 68]
60,0.5,6.5,0.5,0.001,False,[]
61,1.5,6.5,0.5,1.0,True,[51, 62, 52]
62,2.5,6.5,0.5,1.0,True,[63, 52, 61, 152, 53, 51]
63,3.5,6.5,0.5,1.0,True,[64, 53, 62, 54, 52, 153]
64,4.5,6.5,0.5,1.0,True,[54, 65, 63, 53, 154, 55]
65,5.5,6.5,0.5,1.0,True,[64, 55, 66, 54, 155, 56]
66,6.5,6.5,0.5,1.0,True,[67, 56, 65, 57, 55, 156]
67,7.5,6.5,0.5,1.0,True,[68, 57, 66, 157, 56, 58]
68,8.5,6.5,0.5,1.0,True,[69, 58, 67, 59, 158, 57]
69,9.5,6.5,0.5,1.0,True,[59, 68, 58]
70,0.5,7.5,0.5,0.001,False,[]
71,1.5,7.5,0.5,0.001,False,[]
72,2.5,7.5,0.5,0.001,False,[]
73,3.5,7.5,0.5,0.001,False,[]
74,4.5,7.5,0.5,0.0010535994466,False,[]
75,5.5,7.5,0.5,0.00108800261669,False,[]
76,6.5,7.5,0.5,0.0010095157812,False,[]
77,7.5,7.5,0.5,0.001,False,[]
78,8.5,7.5,0.5,0.001,False,[]
79,9.5,7.5,0.5,0.001,False,[]
80,0.5,8.5,0.5,0.001,False,[]
81,1.5,8.5,0.5,0.001,False,[]
82,2.5,8.5,0.5,0.001,False,[]
83,3.5,8.5,0.5,0.001,False,[]
84,4.5,8.5,0.5,0.001,False,[]
85,5.5,8.5,0.5,0.001,False,[]
86,6.5,8.5,0.5,0.001,False,[]
87,7.5,8.5,0.5,0.001,False,[]
88,8.5,8.5,0.5,0.001,False,[]
89,9.5,8.5,0.5,0.001,False,[]
90,0.5,9.5,0.5,0.001,False,[]
91,1.5,9.5,0.5,0.001,False,[]
92,2.5,9.5,0.5,0.001,False,[]
93,3.5,9.5,0.5,0.001,False,[]
94,4.5,9.5,0.5,0.001,False,[]
95,5.5,9.5,0.5,0.001,False,[]
96,6.5,9.5,0.5,0.001,False,[]
97,7.5,9.5,0.5,0.001,False,[]
98,8.5,9.5,0.5,0.001,False,[]
99,9.5,9.5,0.5,0.001,False,[]
100,0.5,0.5,1.5,0.001,False,[]
101,1.5,0.5,1.5,0.001,False,[]
102,2.5,0.5,1.5,0.001,False,[]
103,3.5,0.5,1.5,0.001,False,[]
104,4.5,0.5,1.5,0.001,False,[]
105,5.5,0.5,1.5,0.001,False,[]
106,6.5,0.5,1.5,0.001,False,[]
107,7.5,0.5,1.5,0.001,False,[]
108,8.5,0.5,1.5,0.001,False,[]
109,9.5,0.5,1.5,0.001,False,[]
110,0.5,1.5,1.5,0.001,False,[]
111,1.5,1.5,1.5,0.001,False,[]
112,2.5,1.5,1.5,0.001,False,[]
113,3.5,1.5,1.5,0.001,False,[]
114,4.5,1.5,1.5,0.001,False,[]
115,5.5,1.5,1.5,0.001,False,[]
116,6.5,1.5,1.5,0.001,False,[]
117,7.5,1.5,1.5,0.001,False,[]
118,8.5,1.5,1.5,0.001,False,[]
119,9.5,1.5,1.5,0.001,False,[]
120,0.5,2.5,1.5,0.001,False,[]
121,1.5,2.5,1.5,0.001,False,[]
122,2.5,2.5,1.5,0.001,False,[]
123,3.5,2.5,1.5,0.001,False,[]
124,4.5,2.5,1.5,0.001,False,[]
125,5.5,2.5,1.5,0.001,False,[]
126,6.5,2.5,1.5,0.001,False,[]
127,7.5,2.5,1.5,0.001,False,[]
128,8.5,2.5,1.5,0.001,False,[]
129,9.5,2.5,1.5,0.001,False,[]
130,0.5,3.5,1.5,0.001,False,[]
131,1.5,3.5,1.5,0.001,False,[]
132,2.5,3.5,1.5,0.001,False,[]
133,3.5,3.5,1.5,0.00104633368402,False,[]
134,4.5,3.5,1.5,0.00109226934117,False,[]
135,5.5,3.5,1.5,0.00128056151347,False,[]
136,6.5,3.5,1.5,0.00105515137347,False,[]
137,7.5,3.5,1.5,0.00102645990443,False,[]
138,8.5,3.5,1.5,0.001,False,[]
139,9.5,3.5,1.5,0.001,False,[]
140,0.5,4.5,1.5,0.001,False,[]
141,1.5,4.5,1.5,0.001,False,[]
142,2.5,4.5,1.5,0.0141180318099,False,[]
143,3.5,4.5,1.5,0.0187131663524,False,[]
144,4.5,4.5,1.5,0.0219472684936,False,[]
145,5.5,4.5,1.5,0.0338547764999,False,[]
146,6.5,4.5,1.5,0.0195639545642,False,[]
147,7.5,4.5,1.5,0.0171506008491,False,[]
148,8.5,4.5,1.5,0.0141075429812,False,[]
149,9.5,4.5,1.5,0.001,False,[]
150,0.5,5.5,1.5,0.001,False,[]
151,1.5,5.5,1.5,0.0140716981258,False,[]
152,2.5,5.5,1.5,0.877038418491,False,[252, 153, 52, 42, 253, 51, 53, 62]
153,3.5,5.5,1.5,0.969684942581,False,[154, 152, 253, 53, 252, 54, 52, 254, 43, 63]
154,4.5,5.5,1.5,0.971637109367,False,[155, 254, 153, 54, 253, 44, 255, 53, 55, 64]
155,5.5,5.5,1.5,0.971996068762,False,[55, 255, 154, 156, 54, 254, 45, 256, 56, 65]
156,6.5,5.5,1.5,0.97129393231,False,[256, 155, 157, 56, 255, 57, 55, 257, 46, 66]
157,7.5,5.5,1.5,0.964168203853,False,[158, 156, 257, 57, 256, 58, 56, 258, 47, 67]
158,8.5,5.5,1.5,0.877709315239,False,[157, 258, 58, 59, 48, 257, 57, 68]
159,9.5,5.5,1.5,0.0162612635895,False,[]
160,0.5,6.5,1.5,0.001,False,[]
161,1.5,6.5,1.5,0.001,False,[]
162,2.5,6.5,1.5,0.0140919466168,False,[]
163,3.5,6.5,1.5,0.016916980715,False,[]
164,4.5,6.5,1.5,0.0291491557975,False,[]
165,5.5,6.5,1.5,0.0367111272202,False,[]
166,6.5,6.5,1.5,0.0200134970669,False,[]
167,7.5,6.5,1.5,0.0156674029189,False,[]
168,8.5,6.5,1.5,0.0140865242977,False,[]
169,9.5,6.5,1.5,0.001,False,[]
170,0.5,7.5,1.5,0.001,False,[]
171,1.5,7.5,1.5,0.001,False,[]
172,2.5,7.5,1.5,0.001,False,[]
173,3.5,7.5,1.5,0.00102024849092,False,[]
174,4.5,7.5,1.5,0.00119713763258,False,[]
175,5.5,7.5,1.5,0.00132320636166,False,[]
176,6.5,7.5,1.5,0.00106177224759,False,[]
177,7.5,7.5,1.5,0.00100544122095,False,[]
178,8.5,7.5,1.5,0.001,False,[]
179,9.5,7.5,1.5,0.001,False,[]
180,0.5,8.5,1.5,0.001,False,[]
181,1.5,8.5,1.5,0.001,False,[]
182,2.5,8.5,1.5,0.001,False,[]
183,3.5,8.5,1.5,0.001,False,[]
184,4.5,8.5,1.5,0.001,False,[]
185,5.5,8.5,1.5,0.001,False,[]
186,6.5,8.5,1.5,0.001,False,[]
187,7.5,8.5,1.5,0.001,False,[]
188,8.5,8.5,1.5,0.001,False,[]
189,9.5,8.5,1.5,0.001,False,[]
190,0.5,9.5,1.5,0.001,False,[]
191,1.5,9.5,1.5,0.001,False,[]
192,2.5,9.5,1.5,0.001,False,[]
193,3.5,9.5,1.5,0.001,False,[]
194,4.5,9.5,1.5,0.001,False,[]
195,5.5,9.5,1.5,0.001,False,[]
196,6.5,9.5,1.5,0.001,False,[]
197,7.5,9.5,1.5,0.001,False,[]
198,8.5,9.5,1.5,0.001,False,[]
199,9.5,9.5,1.5,0.001,False,[]
200,0.5,0.5,2.5,0.001,False,[]
201,1.5,0.5,2.5,0.001,False,[]
202,2.5,0.5,2.5,0.001,False,[]
203,3.5,0.5,2.5,0.001,False,[]
204,4.5,0.5,2.5,0.001,False,[]
205,5.5,0.5,2.5,0.001,False,[]
206,6.5,0.5,2.5,0.001,False,[]
207,7.5,0.5,2.5,0.001,False,[]
208,8.5,0.5,2.5,0.001,False,[]
209,9.5,0.5,2.5,0.001,False,[]
210,0.5,1.5,2.5,0.001,False,[]
211,1.5,1.5,2.5,0.001,False,[]
212,2.5,1.5,2.5,0.001,False,[]
213,3.5,1.5,2.5,0.001,False,[]
214,4.5,1.5,2.5,0.001,False,[]
215,5.5,1.5,2.5,0.001,False,[]
216,6.5,1.5,2.5,0.001,False,[]
217,7.5,1.5,2.5,0.001,False,[]
218,8.5,1.5,2.5,0.001,False,[]
219,9.5,1.5,2.5,0.001,False,[]
220,0.5,2.5,2.5,0.001,False,[]
221,1.5,2.5,2.5,0.001,False,[]
222,2.5,2.5,2.5,0.001,False,[]
223,3.5,2.5,2.5,0.001,False,[]
224,4.5,2.5,2.5,0.001,False,[]
225,5.5,2.5,2.5,0.001,False,[]
226,6.5,2.5,2.5,0.001,False,[]
227,7.5,2.5,2.5,0.001,False,[]
228,8.5,2.5,2.5,0.001,False,[]
229,9.5,2.5,2.5,0.001,False,[]
230,0.5,3.5,2.5,0.001,False,[]
231,1.5,3.5,2.5,0.001,False,[]
232,2.5,3.5,2.5,0.001,False,[]
233,3.5,3.5,2.5,0.00138376229645,False,[]
234,4.5,3.5,2.5,0.00137972293278,False,[]
235,5.5,3.5,2.5,0.00135032318096,False,[]
236,6.5,3.5,2.5,0.00142264446509,False,[]
237,7.5,3.5,2.5,0.00121508360713,False,[]
238,8.5,3.5,2.5,0.001,False,[]
239,9.5,3.5,2.5,0.001,False,[]
240,0.5,4.5,2.5,0.001,False,[]
241,1.5,4.5,2.5,0.001,False,[]
242,2.5,4.5,2.5,0.0135580383846,False,[]
243,3.5,4.5,2.5,0.0422490506297,False,[]
244,4.5,4.5,2.5,0.041556764068,False,[]
245,5.5,4.5,2.5,0.038995802653,False,[]
246,6.5,4.5,2.5,0.0441852793279,False,[]
247,7.5,4.5,2.5,0.0305885227387,False,[]
248,8.5,4.5,2.5,0.0135137102036,False,[]
249,9.5,4.5,2.5,0.001,False,[]
250,0.5,5.5,2.5,0.001,False,[]
251,1.5,5.5,2.5,0.0131742760882,False,[]
252,2.5,5.5,2.5,0.818786511124,False,[253, 352, 152, 353, 153]
253,3.5,5.5,2.5,0.963232294494,False,[254, 353, 252, 153, 352, 354, 152, 343, 154, 363]
254,4.5,5.5,2.5,0.972604262776,False,[154, 354, 253, 255, 355, 155, 353, 344, 153, 364]
255,5.5,5.5,2.5,0.972227616846,False,[254, 355, 155, 256, 154, 354, 356, 156]
256,6.5,5.5,2.5,0.971996105724,False,[257, 255, 356, 156, 355, 155, 346, 357, 157, 366]
257,7.5,5.5,2.5,0.947872396621,False,[258, 357, 256, 157, 356, 358, 156, 347, 158]
258,8.5,5.5,2.5,0.827088685082,False,[257, 358, 158, 357, 157]
259,9.5,5.5,2.5,0.0153483976959,False,[]
260,0.5,6.5,2.5,0.001,False,[]
261,1.5,6.5,2.5,0.001,False,[]
262,2.5,6.5,2.5,0.0133300041037,False,[]
263,3.5,6.5,2.5,0.027260851101,False,[]
264,4.5,6.5,2.5,0.0740984680516,False,[]
265,5.5,6.5,2.5,0.0441777022284,False,[]
266,6.5,6.5,2.5,0.046110370353,False,[]
267,7.5,6.5,2.5,0.0206103791498,False,[]
268,8.5,6.5,2.5,0.0133690871416,False,[]
269,9.5,6.5,2.5,0.001,False,[]
270,0.5,7.5,2.5,0.001,False,[]
271,1.5,7.5,2.5,0.001,False,[]
272,2.5,7.5,2.5,0.001,False,[]
273,3.5,7.5,2.5,0.00115572801555,False,[]
274,4.5,7.5,2.5,0.00187152150574,False,[]
275,5.5,7.5,2.5,0.00142015080814,False,[]
276,6.5,7.5,2.5,0.00145184068326,False,[]
277,7.5,7.5,2.5,0.00107046054514,False,[]
278,8.5,7.5,2.5,0.001,False,[]
279,9.5,7.5,2.5,0.001,False,[]
280,0.5,8.5,2.5,0.001,False,[]
281,1.5,8.5,2.5,0.001,False,[]
282,2.5,8.5,2.5,0.001,False,[]
283,3.5,8.5,2.5,0.001,False,[]
284,4.5,8.5,2.5,0.001,False,[]
285,5.5,8.5,2.5,0.001,False,[]
286,6.5,8.5,2.5,0.001,False,[]
287,7.5,8.5,2.5,0.001,False,[]
288,8.5,8.5,2.5,0.001,False,[]
289,9.5,8.5,2.5,0.001,False,[]
290,0.5,9.5,2.5,0.001,False,[]
291,1.5,9.5,2.5,0.001,False,[]
292,2.5,9.5,2.5,0.001,False,[]
293,3.5,9.5,2.5,0.001,False,[]
294,4.5,9.5,2.5,0.001,False,[]
295,5.5,9.5,2.5,0.001,False,[]
296,6.5,9.5,2.5,0.001,False,[]
297,7.5,9.5,2.5,0.001,False,[]
298,8.5,9.5,2.5,0.001,False,[]
299,9.5,9.5,2.5,0.001,False,[]
300,0.5,0.5,3.5,0.001,False,[]
301,1.5,0.5,3.5,0.001,False,[]
302,2.5,0.5,3.5,0.001,False,[]
303,3.5,0.5,3.5,0.001,False,[]
304,4.5,0.5,3.5,0.001,False,[]
305,5.5,0.5,3.5,0.001,False,[]
306,6.5,0.5,3.5,0.001,False,[]
307,7.5,0.5,3.5,0.001,False,[]
308,8.5,0.5,3.5,0.001,False,[]
309,9.5,0.5,3.5,0.001,False,[]
310,0.5,1.5,3.5,0.001,False,[]
311,1.5,1.5,3.5,0.001,False,[]
312,2.5,1.5,3.5,0.001,False,[]
313,3.5,1.5,3.5,0.001,False,[]
314,4.5,1.5,3.5,0.001,False,[]
315,5.5,1.5,3.5,0.001,False,[]
316,6.5,1.5,3.5,0.001,False,[]
317,7.5,1.5,3.5,0.001,False,[]
318,8.5,1.5,3.5,0.001,False,[]
319,9.5,1.5,3.5,0.001,False,[]
320,0.5,2.5,3.5,0.001,False,[]
321,1.5,2.5,3.5,0.001,False,[]
322,2.5,2.5,3.5,0.001,False,[]
323,3.5,2.5,3.5,0.001,False,[]
324,4.5,2.5,3.5,0.001,False,[]
325,5.5,2.5,3.5,0.001,False,[]
326,6.5,2.5,3.5,0.001,False,[]
327,7.5,2.5,3.5,0.001,False,[]
328,8.5,2.5,3.5,0.001,False,[]
329,9.5,2.5,3.5,0.001,False,[]
330,0.5,3.5,3.5,0.001,False,[]
331,1.5,3.5,3.5,0.001,False,[]
332,2.5,3.5,3.5,0.001,False,[]
333,3.5,3.5,3.5,0.00309490298825,False,[]
334,4.5,3.5,3.5,0.00215671297988,False,[]
335,5.5,3.5,3.5,0.00122076158899,False,[]
336,6.5,3.5,3.5,0.00224404682914,False,[]
337,7.5,3.5,3.5,0.00243816122274,False,[]
338,8.5,3.5,3.5,0.001,False,[]
339,9.5,3.5,3.5,0.001,False,[]
340,0.5,4.5,3.5,0.001,False,[]
341,1.5,4.5,3.5,0.001,False,[]
342,2.5,4.5,3.5,0.0144887422903,False,[]
343,3.5,4.5,3.5,0.157297766257,False,[353, 443, 344, 444, 352, 253, 453, 354]
344,4.5,4.5,3.5,0.0948025432757,False,[354, 444, 343, 443, 254, 454, 355, 353]
345,5.5,4.5,3.5,0.0323693975676,False,[]
346,6.5,4.5,3.5,0.0987395160277,False,[446, 347, 356, 256, 355, 447, 357, 456]
347,7.5,4.5,3.5,0.113366461299,False,[447, 346, 357, 257, 446, 356, 457, 358]
348,8.5,4.5,3.5,0.0143977547645,False,[]
349,9.5,4.5,3.5,0.001,False,[]
350,0.5,5.5,3.5,0.001,False,[]
351,1.5,5.5,3.5,0.012393839302,False,[]
352,2.5,5.5,3.5,0.766779865493,False,[252, 353, 452, 343, 253, 453, 363]
353,3.5,5.5,3.5,0.971805516114,False,[343, 253, 453, 354, 352, 363, 454, 252, 452, 344]
354,4.5,5.5,3.5,0.974890502493,False,[344, 454, 355, 353, 254, 364, 453, 253, 255, 444]
355,5.5,5.5,3.5,0.969573783842,False,[354, 255, 455, 356, 256, 254, 456, 454, 346, 344]
356,6.5,5.5,3.5,0.973730378335,False,[346, 357, 256, 456, 355, 366, 347, 255, 455, 446]
357,7.5,5.5,3.5,0.949096153357,False,[358, 356, 257, 457, 347, 346, 258, 256, 456, 447]
358,8.5,5.5,3.5,0.804103064954,False,[458, 258, 357, 257, 457, 347]
359,9.5,5.5,3.5,0.014952859132,False,[]
360,0.5,6.5,3.5,0.001,False,[]
361,1.5,6.5,3.5,0.001,False,[]
362,2.5,6.5,3.5,0.0136290233599,False,[]
363,3.5,6.5,3.5,0.101764535656,False,[463, 353, 364, 354, 352, 253, 453, 464]
364,4.5,6.5,3.5,0.168107070715,False,[464, 354, 363, 353, 254, 454, 355, 463]
365,5.5,6.5,3.5,0.0432542038635,False,[]
366,6.5,6.5,3.5,0.106746113583,False,[356, 466, 256, 456, 355, 357, 467]
367,7.5,6.5,3.5,0.0653644037782,False,[]
368,8.5,6.5,3.5,0.0136673096082,False,[]
369,9.5,6.5,3.5,0.001,False,[]
370,0.5,7.5,3.5,0.001,False,[]
371,1.5,7.5,3.5,0.001,False,[]
372,2.5,7.5,3.5,0.001,False,[]
373,3.5,7.5,3.5,0.00223518405783,False,[]
374,4.5,7.5,3.5,0.00327664665633,False,[]
375,5.5,7.5,3.5,0.00137005338503,False,[]
376,6.5,7.5,3.5,0.00236875445231,False,[]
377,7.5,7.5,3.5,0.00170771606649,False,[]
378,8.5,7.5,3.5,0.001,False,[]
379,9.5,7.5,3.5,0.001,False,[]
380,0.5,8.5,3.5,0.001,False,[]
381,1.5,8.5,3.5,0.001,False,[]
382,2.5,8.5,3.5,0.001,False,[]
383,3.5,8.5,3.5,0.001,False,[]
384,4.5,8.5,3.5,0.001,False,[]
385,5.5,8.5,3.5,0.001,False,[]
386,6.5,8.5,3.5,0.001,False,[]
387,7.5,8.5,3.5,0.001,False,[]
388,8.5,8.5,3.5,0.001,False,[]
389,9.5,8.5,3.5,0.001,False,[]
390,0.5,9.5,3.5,0.001,False,[]
391,1.5,9.5,3.5,0.001,False,[]
392,2.5,9.5,3.5,0.001,False,[]
393,3.5,9.5,3.5,0.001,False,[]
394,4.5,9.5,3.5,0.001,False,[]
395,5.5,9.5,3.5,0.001,False,[]
396,6.5,9.5,3.5,0.001,False,[]
397,7.5,9.5,3.5,0.001,False,[]
398,8.5,9.5,3.5,0.001,False,[]
399,9.5,9.5,3.5,0.001,False,[]
400,0.5,0.5,4.5,0.001,False,[]
401,1.5,0.5,4.5,0.001,False,[]
402,2.5,0.5,4.5,0.001,False,[]
403,3.5,0.5,4.5,0.001,False,[]
404,4.5,0.5,4.5,0.001,False,[]
405,5.5,0.5,4.5,0.001,False,[]
406,6.5,0.5,4.5,0.001,False,[]
407,7.5,0.5,4.5,0.001,False,[]
408,8.5,0.5,4.5,0.001,False,[]
409,9.5,0.5,4.5,0.001,False,[]
410,0.5,1.5,4.5,0.001,False,[]
411,1.5,1.5,4.5,0.001,False,[]
412,2.5,1.5,4.5,0.001,False,[]
413,3.5,1.5,4.5,0.001,False,[]
414,4.5,1.5,4.5,0.001,False,[]
415,5.5,1.5,4.5,0.001,False,[]
416,6.5,1.5,4.5,0.001,False,[]
417,7.5,1.5,4.5,0.001,False,[]
418,8.5,1.5,4.5,0.001,False,[]
419,9.5,1.5,4.5,0.001,False,[]
420,0.5,2.5,4.5,0.001,False,[]
421,1.5,2.5,4.5,0.001,False,[]
422,2.5,2.5,4.5,0.001,False,[]
423,3.5,2.5,4.5,0.001,False,[]
424,4.5,2.5,4.5,0.001,False,[]
425,5.5,2.5,4.5,0.001,False,[]
426,6.5,2.5,4.5,0.001,False,[]
427,7.5,2.5,4.5,0.001,False,[]
428,8.5,2.5,4.5,0.001,False,[]
429,9.5,2.5,4.5,0.001,False,[]
430,0.5,3.5,4.5,0.001,False,[]
431,1.5,3.5,4.5,0.001,False,[]
432,2.5,3.5,4.5,0.001,False,[]
433,3.5,3.5,4.5,0.00741207116146,False,[]
434,4.5,3.5,4.5,0.00380609648224,False,[]
435,5.5,3.5,4.5,0.0012181443107,False,[]
436,6.5,3.5,4.5,0.00276752311437,False,[]
437,7.5,3.5,4.5,0.00593314983974,False,[]
438,8.5,3.5,4.5,0.001,False,[]
439,9.5,3.5,4.5,0.001,False,[]
440,0.5,4.5,4.5,0.001,False,[]
441,1.5,4.5,4.5,0.001,False,[]
442,2.5,4.5,4.5,0.0175667875374,False,[]
443,3.5,4.5,4.5,0.441187049288,False,[444, 543, 453, 343, 553, 544, 353, 452, 454, 344]
444,4.5,4.5,4.5,0.209283840521,False,[443, 544, 454, 344, 554, 453, 543, 455, 354, 343]
445,5.5,4.5,4.5,0.0320093827496,False,[]
446,6.5,4.5,4.5,0.13760323708,False,[456, 546, 447, 346, 547, 556, 347, 455, 457, 356]
447,7.5,4.5,4.5,0.343480014649,False,[457, 547, 446, 347, 546, 557, 346, 456, 458, 357]
448,8.5,4.5,4.5,0.017427724306,False,[]
449,9.5,4.5,4.5,0.001,False,[]
450,0.5,5.5,4.5,0.001,False,[]
451,1.5,5.5,4.5,0.0111284455018,False,[]
452,2.5,5.5,4.5,0.683711046499,False,[453, 552, 352, 443, 553, 353, 463]
453,3.5,5.5,4.5,0.978583755948,False,[353, 452, 454, 443, 553, 463, 352, 552, 554, 543]
454,4.5,5.5,4.5,0.97540217914,False,[354, 455, 453, 444, 554, 464, 353, 544, 553, 555]
455,5.5,5.5,4.5,0.801882224215,False,[355, 555, 454, 456, 464, 554, 556, 356, 444, 446]
456,6.5,5.5,4.5,0.972561312433,False,[356, 455, 457, 446, 556, 466, 355, 555, 557, 566]
457,7.5,5.5,4.5,0.968790308647,False,[357, 456, 458, 447, 557, 467, 446, 556, 558, 356]
458,8.5,5.5,4.5,0.771218037911,False,[457, 558, 358, 447, 357, 557, 467]
459,9.5,5.5,4.5,0.0143683537365,False,[]
460,0.5,6.5,4.5,0.001,False,[]
461,1.5,6.5,4.5,0.001,False,[]
462,2.5,6.5,4.5,0.0161539549712,False,[]
463,3.5,6.5,4.5,0.351327829141,False,[464, 563, 453, 363, 553, 353, 564, 452, 454, 364]
464,4.5,6.5,4.5,0.32898343675,False,[463, 564, 454, 364, 554, 563, 453, 455, 354, 363]
465,5.5,6.5,4.5,0.0354459664041,False,[]
466,6.5,6.5,4.5,0.174466602587,False,[467, 566, 456, 366, 556, 455, 567, 457, 356]
467,7.5,6.5,4.5,0.263670540658,False,[457, 567, 466, 458, 557, 357, 566, 456, 366]
468,8.5,6.5,4.5,0.016181323432,False,[]
469,9.5,6.5,4.5,0.001,False,[]
470,0.5,7.5,4.5,0.001,False,[]
471,1.5,7.5,4.5,0.001,False,[]
472,2.5,7.5,4.5,0.001,False,[]
473,3.5,7.5,4.5,0.00600895271139,False,[]
474,4.5,7.5,4.5,0.00565349719037,False,[]
475,5.5,7.5,4.5,0.00123380673341,False,[]
476,6.5,7.5,4.5,0.00334478992847,False,[]
477,7.5,7.5,4.5,0.0046994977573,False,[]
478,8.5,7.5,4.5,0.001,False,[]
479,9.5,7.5,4.5,0.001,False,[]
480,0.5,8.5,4.5,0.001,False,[]
481,1.5,8.5,4.5,0.001,False,[]
482,2.5,8.5,4.5,0.001,False,[]
483,3.5,8.5,4.5,0.001,False,[]
484,4.5,8.5,4.5,0.001,False,[]
485,5.5,8.5,4.5,0.001,False,[]
486,6.5,8.5,4.5,0.001,False,[]
487,7.5,8.5,4.5,0.001,False,[]
488,8.5,8.5,4.5,0.001,False,[]
489,9.5,8.5,4.5,0.001,False,[]
490,0.5,9.5,4.5,0.001,False,[]
491,1.5,9.5,4.5,0.001,False,[]
492,2.5,9.5,4.5,0.001,False,[]
493,3.5,9.5,4.5,0.001,False,[]
494,4.5,9.5,4.5,0.001,False,[]
495,5.5,9.5,4.5,0.001,False,[]
496,6.5,9.5,4.5,0.001,False,[]
497,7.5,9.5,4.5,0.001,False,[]
498,8.5,9.5,4.5,0.001,False,[]
499,9.5,9.5,4.5,0.001,False,[]
500,0.5,0.5,5.5,0.001,False,[]
501,1.5,0.5,5.5,0.001,False,[]
502,2.5,0.5,5.5,0.001,False,[]
503,3.5,0.5,5.5,0.001,False,[]
504,4.5,0.5,5.5,0.001,False,[]
505,5.5,0.5,5.5,0.001,False,[]
506,6.5,0.5,5.5,0.001,False,[]
507,7.5,0.5,5.5,0.001,False,[]
508,8.5,0.5,5.5,0.001,False,[]
509,9.5,0.5,5.5,0.001,False,[]
510,0.5,1.5,5.5,0.001,False,[]
511,1.5,1.5,5.5,0.001,False,[]
512,2.5,1.5,5.5,0.001,False,[]
513,3.5,1.5,5.5,0.001,False,[]
514,4.5,1.5,5.5,0.001,False,[]
515,5.5,1.5,5.5,0.001,False,[]
516,6.5,1.5,5.5,0.001,False,[]
517,7.5,1.5,5.5,0.001,False,[]
518,8.5,1.5,5.5,0.001,False,[]
519,9.5,1.5,5.5,0.001,False,[]
520,0.5,2.5,5.5,0.001,False,[]
521,1.5,2.5,5.5,0.001,False,[]
522,2.5,2.5,5.5,0.001,False,[]
523,3.5,2.5,5.5,0.001,False,[]
524,4.5,2.5,5.5,0.001,False,[]
525,5.5,2.5,5.5,0.001,False,[]
526,6.5,2.5,5.5,0.001,False,[]
527,7.5,2.5,5.5,0.001,False,[]
528,8.5,2.5,5.5,0.001,False,[]
529,9.5,2.5,5.5,0.001,False,[]
530,0.5,3.5,5.5,0.001,False,[]
531,1.5,3.5,5.5,0.001,False,[]
532,2.5,3.5,5.5,0.00102627087416,False,[]
533,3.5,3.5,5.5,0.0116508252675,False,[]
534,4.5,3.5,5.5,0.00763530863418,False,[]
535,5.5,3.5,5.5,0.00145651109682,False,[]
536,6.5,3.5,5.5,0.00381498820941,False,[]
537,7.5,3.5,5.5,0.0104091503337,False,[]
538,8.5,3.5,5.5,0.00103598554931,False,[]
539,9.5,3.5,5.5,0.001,False,[]
540,0.5,4.5,5.5,0.001,False,[]
541,1.5,4.5,5.5,0.00102627087416,False,[]
542,2.5,4.5,5.5,0.0251295048552,False,[]
543,3.5,4.5,5.5,0.722445309962,False,[553, 443, 643, 544, 453, 444, 554, 642, 552, 653]
544,4.5,4.5,5.5,0.465045259784,False,[554, 444, 644, 543, 454, 553, 443, 654, 645, 643]
545,5.5,4.5,5.5,0.0459994392724,False,[]
546,6.5,4.5,5.5,0.216367897232,False,[646, 446, 547, 556, 645, 555, 447, 456, 557, 647]
547,7.5,4.5,5.5,0.638318091158,False,[647, 447, 546, 557, 446, 457, 657, 646, 556, 648]
548,8.5,4.5,5.5,0.0267800692161,False,[]
549,9.5,4.5,5.5,0.00104198314086,False,[]
550,0.5,5.5,5.5,0.001,False,[]
551,1.5,5.5,5.5,0.00982526651209,False,[]
552,2.5,5.5,5.5,0.598659157039,False,[553, 452, 652, 662, 453, 642, 653, 543, 563]
553,3.5,5.5,5.5,0.972752405878,False,[543, 552, 653, 554, 453, 563, 654, 452, 454, 643]
554,4.5,5.5,5.5,0.895045240289,False,[555, 544, 654, 553, 454, 564, 543, 455, 655, 453]
555,5.5,5.5,5.5,0.208746291453,False,[554, 455, 655, 556, 665, 454, 645, 544, 546, 654]
556,6.5,5.5,5.5,0.932521678144,False,[546, 456, 557, 656, 555, 566, 446, 455, 655, 657]
557,7.5,5.5,5.5,0.984779480629,False,[547, 556, 657, 558, 457, 567, 546, 456, 458, 658]
558,8.5,5.5,5.5,0.724958353954,False,[658, 458, 557, 648, 567, 457, 547, 657, 668]
559,9.5,5.5,5.5,0.0135587270433,False,[]
560,0.5,6.5,5.5,0.001,False,[]
561,1.5,6.5,5.5,0.00101655675808,False,[]
562,2.5,6.5,5.5,0.0227024678927,False,[]
563,3.5,6.5,5.5,0.655808234889,False,[663, 553, 463, 564, 453, 552, 653, 554, 662, 464]
564,4.5,6.5,5.5,0.57695985818,False,[563, 554, 464, 664, 454, 665, 654, 553, 555, 463]
565,5.5,6.5,5.5,0.0392856925771,False,[]
566,6.5,6.5,5.5,0.280941096512,False,[666, 556, 466, 567, 456, 557, 656, 667, 467, 665]
567,7.5,6.5,5.5,0.593076020002,False,[667, 557, 467, 566, 457, 556, 657, 558, 466, 666]
568,8.5,6.5,5.5,0.0246347566179,False,[]
569,9.5,6.5,5.5,0.0010271095507,False,[]
570,0.5,7.5,5.5,0.001,False,[]
571,1.5,7.5,5.5,0.001,False,[]
572,2.5,7.5,5.5,0.00101655675808,False,[]
573,3.5,7.5,5.5,0.0106031195709,False,[]
574,4.5,7.5,5.5,0.00936878189357,False,[]
575,5.5,7.5,5.5,0.00131674037988,False,[]
576,6.5,7.5,5.5,0.00482655965021,False,[]
577,7.5,7.5,5.5,0.00970604769242,False,[]
578,8.5,7.5,5.5,0.00102323675775,False,[]
579,9.5,7.5,5.5,0.001,False,[]
580,0.5,8.5,5.5,0.001,False,[]
581,1.5,8.5,5.5,0.001,False,[]
582,2.5,8.5,5.5,0.001,False,[]
583,3.5,8.5,5.5,0.001,False,[]
584,4.5,8.5,5.5,0.001,False,[]
585,5.5,8.5,5.5,0.001,False,[]
586,6.5,8.5,5.5,0.001,False,[]
587,7.5,8.5,5.5,0.001,False,[]
588,8.5,8.5,5.5,0.001,False,[]
589,9.5,8.5,5.5,0.001,False,[]
590,0.5,9.5,5.5,0.001,False,[]
591,1.5,9.5,5.5,0.001,False,[]
592,2.5,9.5,5.5,0.001,False,[]
593,3.5,9.5,5.5,0.001,False,[]
594,4.5,9.5,5.5,0.001,False,[]
595,5.5,9.5,5.5,0.001,False,[]
596,6.5,9.5,5.5,0.001,False,[]
597,7.5,9.5,5.5,0.001,False,[]
598,8.5,9.5,5.5,0.001,False,[]
599,9.5,9.5,5.5,0.001,False,[]
600,0.5,0.5,6.5,0.001,False,[]
601,1.5,0.5,6.5,0.001,False,[]
602,2.5,0.5,6.5,0.001,False,[]
603,3.5,0.5,6.5,0.001,False,[]
604,4.5,0.5,6.5,0.001,False,[]
605,5.5,0.5,6.5,0.001,False,[]
606,6.5,0.5,6.5,0.001,False,[]
607,7.5,0.5,6.5,0.001,False,[]
608,8.5,0.5,6.5,0.001,False,[]
609,9.5,0.5,6.5,0.001,False,[]
610,0.5,1.5,6.5,0.001,False,[]
611,1.5,1.5,6.5,0.001,False,[]
612,2.5,1.5,6.5,0.001,False,[]
613,3.5,1.5,6.5,0.001,False,[]
614,4.5,1.5,6.5,0.001,False,[]
615,5.5,1.5,6.5,0.001,False,[]
616,6.5,1.5,6.5,0.001,False,[]
617,7.5,1.5,6.5,0.001,False,[]
618,8.5,1.5,6.5,0.001,False,[]
619,9.5,1.5,6.5,0.001,False,[]
620,0.5,2.5,6.5,0.001,False,[]
621,1.5,2.5,6.5,0.001,False,[]
622,2.5,2.5,6.5,0.001,False,[]
623,3.5,2.5,6.5,0.0010087583551,False,[]
624,4.5,2.5,6.5,0.001,False,[]
625,5.5,2.5,6.5,0.001,False,[]
626,6.5,2.5,6.5,0.001,False,[]
627,7.5,2.5,6.5,0.00100054026858,False,[]
628,8.5,2.5,6.5,0.001,False,[]
629,9.5,2.5,6.5,0.001,False,[]
630,0.5,3.5,6.5,0.001,False,[]
631,1.5,3.5,6.5,0.001,False,[]
632,2.5,3.5,6.5,0.00400657566944,False,[]
633,3.5,3.5,6.5,0.0183463090579,False,[]
634,4.5,3.5,6.5,0.0133027189722,False,[]
635,5.5,3.5,6.5,0.00476723784062,False,[]
636,6.5,3.5,6.5,0.0107343105341,False,[]
637,7.5,3.5,6.5,0.0155671449031,False,[]
638,8.5,3.5,6.5,0.00432608022665,False,[]
639,9.5,3.5,6.5,0.001,False,[]
640,0.5,4.5,6.5,0.001,False,[]
641,1.5,4.5,6.5,0.00398083548435,False,[]
642,2.5,4.5,6.5,0.224347154647,False,[643, 742, 652, 543, 743, 653, 552]
643,3.5,4.5,6.5,0.893731688578,False,[653, 743, 642, 543, 644, 652, 553, 733, 742, 744]
644,4.5,4.5,6.5,0.81640880213,False,[643, 744, 544, 654, 645, 743, 745, 653, 554, 543]
645,5.5,4.5,6.5,0.263160810511,False,[644, 745, 655, 646, 744, 746, 555, 544, 656, 654]
646,6.5,4.5,6.5,0.654183671395,False,[656, 645, 746, 647, 546, 747, 547, 745, 655, 657]
647,7.5,4.5,6.5,0.889160517401,False,[648, 747, 646, 657, 547, 656, 658, 737, 746, 748]
648,8.5,4.5,6.5,0.24644426912,False,[658, 748, 647, 657, 558, 747, 547]
649,9.5,4.5,6.5,0.00485438761812,False,[]
650,0.5,5.5,6.5,0.001,False,[]
651,1.5,5.5,6.5,0.00955082627173,False,[]
652,2.5,5.5,6.5,0.573803821509,False,[552, 653, 642, 662, 742, 643, 553, 762, 663]
653,3.5,5.5,6.5,0.787985896806,False,[553, 652, 654, 643, 663, 642, 552, 743, 554, 543]
654,4.5,5.5,6.5,0.134114625802,False,[655, 644, 653, 554, 664, 643, 553, 665, 744, 544]
655,5.5,5.5,6.5,0.159319822904,False,[656, 645, 555, 654, 665, 556, 554, 745, 644, 664]
656,6.5,5.5,6.5,0.459788106105,False,[556, 655, 657, 646, 666, 746, 766, 645, 555, 647]
657,7.5,5.5,6.5,0.922611458104,False,[557, 656, 658, 647, 667, 646, 556, 747, 767, 648]
658,8.5,5.5,6.5,0.622213096623,False,[558, 657, 648, 668, 748, 557, 768, 647, 667]
659,9.5,5.5,6.5,0.0117721024157,False,[]
660,0.5,6.5,6.5,0.001,False,[]
661,1.5,6.5,6.5,0.00322282307098,False,[]
662,2.5,6.5,6.5,0.1755975117,False,[762, 652, 663, 552, 653, 763, 563]
663,3.5,6.5,6.5,0.896843244467,False,[563, 653, 763, 662, 664, 773, 764, 652, 553, 762]
664,4.5,6.5,6.5,0.83810921258,False,[663, 665, 654, 764, 564, 653, 554, 765, 655, 763]
665,5.5,6.5,6.5,0.229537529173,False,[765, 655, 664, 666, 555, 564, 654, 656, 764, 766]
666,6.5,6.5,6.5,0.660208508679,False,[665, 656, 766, 667, 566, 556, 767, 657, 765, 567]
667,7.5,6.5,6.5,0.885160577835,False,[567, 657, 767, 666, 668, 557, 777, 656, 658, 768]
668,8.5,6.5,6.5,0.206170725305,False,[768, 658, 667, 558, 767, 657, 567]
669,9.5,6.5,6.5,0.00412308879143,False,[]
670,0.5,7.5,6.5,0.001,False,[]
671,1.5,7.5,6.5,0.001,False,[]
672,2.5,7.5,6.5,0.00324461805296,False,[]
673,3.5,7.5,6.5,0.0186088802816,False,[]
674,4.5,7.5,6.5,0.0136240885553,False,[]
675,5.5,7.5,6.5,0.0042565855177,False,[]
676,6.5,7.5,6.5,0.0108265579586,False,[]
677,7.5,7.5,6.5,0.0156431840863,False,[]
678,8.5,7.5,6.5,0.00369313735707,False,[]
679,9.5,7.5,6.5,0.001,False,[]
680,0.5,8.5,6.5,0.001,False,[]
681,1.5,8.5,6.5,0.001,False,[]
682,2.5,8.5,6.5,0.001,False,[]
683,3.5,8.5,6.5,0.00100837377872,False,[]
684,4.5,8.5,6.5,0.001,False,[]
685,5.5,8.5,6.5,0.001,False,[]
686,6.5,8.5,6.5,0.001,False,[]
687,7.5,8.5,6.5,0.001,False,[]
688,8.5,8.5,6.5,0.001,False,[]
689,9.5,8.5,6.5,0.001,False,[]
690,0.5,9.5,6.5,0.001,False,[]
691,1.5,9.5,6.5,0.001,False,[]
692,2.5,9.5,6.5,0.001,False,[]
693,3.5,9.5,6.5,0.001,False,[]
694,4.5,9.5,6.5,0.001,False,[]
695,5.5,9.5,6.5,0.001,False,[]
696,6.5,9.5,6.5,0.001,False,[]
697,7.5,9.5,6.5,0.001,False,[]
698,8.5,9.5,6.5,0.001,False,[]
699,9.5,9.5,6.5,0.001,False,[]
700,0.5,0.5,7.5,0.001,False,[]
701,1.5,0.5,7.5,0.001,False,[]
702,2.5,0.5,7.5,0.001,False,[]
703,3.5,0.5,7.5,0.001,False,[]
704,4.5,0.5,7.5,0.001,False,[]
705,5.5,0.5,7.5,0.001,False,[]
706,6.5,0.5,7.5,0.001,False,[]
707,7.5,0.5,7.5,0.001,False,[]
708,8.5,0.5,7.5,0.001,False,[]
709,9.5,0.5,7.5,0.001,False,[]
710,0.5,1.5,7.5,0.001,False,[]
711,1.5,1.5,7.5,0.001,False,[]
712,2.5,1.5,7.5,0.001,False,[]
713,3.5,1.5,7.5,0.001,False,[]
714,4.5,1.5,7.5,0.001,False,[]
715,5.5,1.5,7.5,0.001,False,[]
716,6.5,1.5,7.5,0.001,False,[]
717,7.5,1.5,7.5,0.001,False,[]
718,8.5,1.5,7.5,0.001,False,[]
719,9.5,1.5,7.5,0.001,False,[]
720,0.5,2.5,7.5,0.001,False,[]
721,1.5,2.5,7.5,0.001,False,[]
722,2.5,2.5,7.5,0.00101698182999,False,[]
723,3.5,2.5,7.5,0.00462639829243,False,[]
724,4.5,2.5,7.5,0.00104417308277,False,[]
725,5.5,2.5,7.5,0.00124464412341,False,[]
726,6.5,2.5,7.5,0.00102251987406,False,[]
727,7.5,2.5,7.5,0.00242107289124,False,[]
728,8.5,2.5,7.5,0.00102177914254,False,[]
729,9.5,2.5,7.5,0.001,False,[]
730,0.5,3.5,7.5,0.001,False,[]
731,1.5,3.5,7.5,0.00101698182999,False,[]
732,2.5,3.5,7.5,0.023589168992,False,[]
733,3.5,3.5,7.5,0.255633629285,False,[743, 833, 744, 832, 742, 643, 843, 834]
734,4.5,3.5,7.5,0.0158418882373,False,[]
735,5.5,3.5,7.5,0.0385966269807,False,[]
736,6.5,3.5,7.5,0.0127007380293,False,[]
737,7.5,3.5,7.5,0.112814196591,False,[747, 837, 748, 836, 746, 647, 847, 838]
738,8.5,3.5,7.5,0.0231005999956,False,[]
739,9.5,3.5,7.5,0.00102540899962,False,[]
740,0.5,4.5,7.5,0.001,False,[]
741,1.5,4.5,7.5,0.0118372104638,False,[]
742,2.5,4.5,7.5,0.721641864387,False,[642, 743, 842, 832, 643, 843, 733, 652]
743,3.5,4.5,7.5,0.888641920603,False,[843, 733, 742, 643, 744, 642, 842, 833, 644, 653]
744,4.5,4.5,7.5,0.477992249168,False,[743, 644, 844, 745, 733, 834, 654, 843, 643, 645]
745,5.5,4.5,7.5,0.80265361709,False,[744, 645, 845, 746, 835, 655, 644, 646, 844, 846]
746,6.5,4.5,7.5,0.411120373848,False,[646, 745, 747, 846, 645, 845, 836, 647, 847, 737]
747,7.5,4.5,7.5,0.881981915304,False,[847, 737, 746, 647, 748, 646, 846, 837, 648, 657]
748,8.5,4.5,7.5,0.772442652289,False,[848, 648, 747, 647, 737, 838, 658, 847]
749,9.5,4.5,7.5,0.0145600102314,False,[]
750,0.5,5.5,7.5,0.001,False,[]
751,1.5,5.5,7.5,0.00101421711098,False,[]
752,2.5,5.5,7.5,0.0320125960005,False,[]
753,3.5,5.5,7.5,0.0488249644164,False,[]
754,4.5,5.5,7.5,0.0165519162721,False,[]
755,5.5,5.5,7.5,0.0273839082246,False,[]
756,6.5,5.5,7.5,0.0186150456545,False,[]
757,7.5,5.5,7.5,0.0569258317351,False,[]
758,8.5,5.5,7.5,0.0350046728982,False,[]
759,9.5,5.5,7.5,0.00102465730296,False,[]
760,0.5,6.5,7.5,0.001,False,[]
761,1.5,6.5,7.5,0.011539240163,False,[]
762,2.5,6.5,7.5,0.701824032234,False,[862, 662, 763, 872, 652, 773, 663, 863]
763,3.5,6.5,7.5,0.89374183067,False,[762, 663, 773, 863, 764, 662, 873, 653, 862, 664]
764,4.5,6.5,7.5,0.507672737557,False,[664, 765, 763, 864, 665, 865, 773, 654, 663, 874]
765,5.5,6.5,7.5,0.800051648492,False,[865, 764, 665, 766, 655, 664, 864, 875, 666, 866]
766,6.5,6.5,7.5,0.368191884765,False,[767, 666, 866, 765, 656, 777, 667, 867, 665, 876]
767,7.5,6.5,7.5,0.88136176679,False,[766, 667, 777, 867, 768, 666, 877, 657, 866, 668]
768,8.5,6.5,7.5,0.76528464243,False,[668, 767, 868, 777, 658, 667, 878, 867]
769,9.5,6.5,7.5,0.0144426657951,False,[]
770,0.5,7.5,7.5,0.001,False,[]
771,1.5,7.5,7.5,0.00101342120326,False,[]
772,2.5,7.5,7.5,0.0230659740894,False,[]
773,3.5,7.5,7.5,0.269706629812,False,[763, 873, 762, 764, 663, 863, 872, 874]
774,4.5,7.5,7.5,0.0170276800396,False,[]
775,5.5,7.5,7.5,0.0397853784641,False,[]
776,6.5,7.5,7.5,0.0112698439734,False,[]
777,7.5,7.5,7.5,0.12317478104,False,[767, 877, 766, 768, 667, 867, 876, 878]
778,8.5,7.5,7.5,0.0226678255128,False,[]
779,9.5,7.5,7.5,0.00101890479182,False,[]
780,0.5,8.5,7.5,0.001,False,[]
781,1.5,8.5,7.5,0.001,False,[]
782,2.5,8.5,7.5,0.00101342120326,False,[]
783,3.5,8.5,7.5,0.00484274647911,False,[]
784,4.5,8.5,7.5,0.00105392631861,False,[]
785,5.5,8.5,7.5,0.00126311973481,False,[]
786,6.5,8.5,7.5,0.00101761422307,False,[]
787,7.5,8.5,7.5,0.00257493913555,False,[]
788,8.5,8.5,7.5,0.00101620410727,False,[]
789,9.5,8.5,7.5,0.001,False,[]
790,0.5,9.5,7.5,0.001,False,[]
791,1.5,9.5,7.5,0.001,False,[]
792,2.5,9.5,7.5,0.001,False,[]
793,3.5,9.5,7.5,0.001,False,[]
794,4.5,9.5,7.5,0.001,False,[]
795,5.5,9.5,7.5,0.001,False,[]
796,6.5,9.5,7.5,0.001,False,[]
797,7.5,9.5,7.5,0.001,False,[]
798,8.5,9.5,7.5,0.001,False,[]
799,9.5,9.5,7.5,0.001,False,[]
800,0.5,0.5,8.5,0.001,False,[]
801,1.5,0.5,8.5,0.001,False,[]
802,2.5,0.5,8.5,0.001,False,[]
803,3.5,0.5,8.5,0.001,False,[]
804,4.5,0.5,8.5,0.001,False,[]
805,5.5,0.5,8.5,0.001,False,[]
806,6.5,0.5,8.5,0.001,False,[]
807,7.5,0.5,8.5,0.001,False,[]
808,8.5,0.5,8.5,0.001,False,[]
809,9.5,0.5,8.5,0.001,False,[]
810,0.5,1.5,8.5,0.001,False,[]
811,1.5,1.5,8.5,0.001,False,[]
812,2.5,1.5,8.5,0.001,False,[]
813,3.5,1.5,8.5,0.001,False,[]
814,4.5,1.5,8.5,0.001,False,[]
815,5.5,1.5,8.5,0.001,False,[]
816,6.5,1.5,8.5,0.001,False,[]
817,7.5,1.5,8.5,0.001,False,[]
818,8.5,1.5,8.5,0.001,False,[]
819,9.5,1.5,8.5,0.001,False,[]
820,0.5,2.5,8.5,0.001,False,[]
821,1.5,2.5,8.5,0.001,False,[]
822,2.5,2.5,8.5,0.00803872311634,False,[]
823,3.5,2.5,8.5,0.0103318494657,False,[]
824,4.5,2.5,8.5,0.00230978218227,False,[]
825,5.5,2.5,8.5,0.0107870004983,False,[]
826,6.5,2.5,8.5,0.00378030006491,False,[]
827,7.5,2.5,8.5,0.00873988850098,False,[]
828,8.5,2.5,8.5,0.0086627960695,False,[]
829,9.5,2.5,8.5,0.001,False,[]
830,0.5,3.5,8.5,0.001,False,[]
831,1.5,3.5,8.5,0.00803872311634,False,[]
832,2.5,3.5,8.5,0.483752220851,False,[932, 842, 833, 931, 843, 942, 922, 742, 933, 733]
833,3.5,3.5,8.5,0.623738230717,False,[733, 843, 933, 832, 834, 923, 932, 842, 743, 943]
834,4.5,3.5,8.5,0.11781006832,False,[934, 844, 833, 835, 744, 944, 733, 843, 845, 933]
835,5.5,3.5,8.5,0.643847583324,False,[834, 845, 935, 836, 844, 745, 945, 925, 846, 934]
836,6.5,3.5,8.5,0.211390913284,False,[936, 835, 846, 837, 845, 935, 937, 847, 946, 926]
837,7.5,3.5,8.5,0.520514871685,False,[737, 847, 937, 836, 838, 747, 927, 846, 947, 848]
838,8.5,3.5,8.5,0.522107414679,False,[837, 848, 938, 737, 948, 939, 847, 748, 937, 928]
839,9.5,3.5,8.5,0.00993992874775,False,[]
840,0.5,4.5,8.5,0.001,False,[]
841,1.5,4.5,8.5,0.0119059844448,False,[]
842,2.5,4.5,8.5,0.736149935255,False,[942, 843, 832, 742, 743, 943, 952, 932, 833, 941]
843,3.5,4.5,8.5,0.799849740162,False,[943, 833, 842, 743, 844, 832, 733, 933, 834, 942]
844,4.5,4.5,8.5,0.173227975313,False,[843, 834, 744, 944, 845, 943, 743, 833, 934, 835]
845,5.5,4.5,8.5,0.780979004778,False,[945, 835, 844, 745, 846, 834, 744, 935, 955, 944]
846,6.5,4.5,8.5,0.242653425494,False,[946, 845, 847, 836, 746, 947, 837, 835, 745, 945]
847,7.5,4.5,8.5,0.778035971476,False,[848, 837, 846, 947, 747, 836, 737, 937, 838, 946]
848,8.5,4.5,8.5,0.753823779592,False,[847, 838, 948, 748, 837, 938, 947, 958, 949, 747]
849,9.5,4.5,8.5,0.0140103812151,False,[]
850,0.5,5.5,8.5,0.001,False,[]
851,1.5,5.5,8.5,0.00102014569005,False,[]
852,2.5,5.5,8.5,0.0358508765413,False,[]
853,3.5,5.5,8.5,0.0273081644206,False,[]
854,4.5,5.5,8.5,0.017017884925,False,[]
855,5.5,5.5,8.5,0.0263207266477,False,[]
856,6.5,5.5,8.5,0.0187903754088,False,[]
857,7.5,5.5,8.5,0.025778064575,False,[]
858,8.5,5.5,8.5,0.0359962954628,False,[]
859,9.5,5.5,8.5,0.00102364221486,False,[]
860,0.5,6.5,8.5,0.001,False,[]
861,1.5,6.5,8.5,0.0118480507092,False,[]
862,2.5,6.5,8.5,0.731956507826,False,[863, 872, 962, 762, 952, 873, 972, 961, 963, 763]
863,3.5,6.5,8.5,0.803941284626,False,[763, 873, 963, 862, 864, 773, 762, 953, 872, 973]
864,4.5,6.5,8.5,0.177329777112,False,[964, 865, 874, 863, 764, 765, 954, 875, 965, 974]
865,5.5,6.5,8.5,0.77913623268,False,[866, 864, 875, 965, 765, 764, 975, 955, 874, 964]
866,6.5,6.5,8.5,0.220657332052,False,[865, 876, 966, 867, 766, 875, 967, 956, 877, 976]
867,7.5,6.5,8.5,0.779296682592,False,[767, 877, 967, 866, 868, 777, 766, 957, 876, 977]
868,8.5,6.5,8.5,0.747799841756,False,[968, 878, 867, 768, 958, 978, 767, 877, 967, 969]
869,9.5,6.5,8.5,0.0139068793935,False,[]
870,0.5,7.5,8.5,0.001,False,[]
871,1.5,7.5,8.5,0.00782503043859,False,[]
872,2.5,7.5,8.5,0.470176619673,False,[862, 873, 972, 762, 973, 982, 773, 962, 863, 971]
873,3.5,7.5,8.5,0.633705421214,False,[874, 863, 872, 973, 773, 862, 763, 963, 864, 972]
874,4.5,7.5,8.5,0.109709817136,False,[974, 875, 864, 873, 865, 975, 984, 863, 964, 973]
875,5.5,7.5,8.5,0.64525558801,False,[975, 874, 865, 876, 864, 974, 765, 965, 866, 985]
876,6.5,7.5,8.5,0.171746585327,False,[976, 877, 866, 875, 977, 766, 777, 966, 867, 986]
877,7.5,7.5,8.5,0.553595888449,False,[878, 867, 876, 977, 777, 866, 767, 967, 868, 976]
878,8.5,7.5,8.5,0.514304332999,False,[978, 868, 877, 979, 867, 968, 977, 768, 988, 777]
879,9.5,7.5,8.5,0.00978912830206,False,[]
880,0.5,8.5,8.5,0.001,False,[]
881,1.5,8.5,8.5,0.001,False,[]
882,2.5,8.5,8.5,0.00782503043859,False,[]
883,3.5,8.5,8.5,0.0104809841397,False,[]
884,4.5,8.5,8.5,0.00217937300477,False,[]
885,5.5,8.5,8.5,0.01081748236,False,[]
886,6.5,8.5,8.5,0.00315775618792,False,[]
887,7.5,8.5,8.5,0.00926376517794,False,[]
888,8.5,8.5,8.5,0.00853353854462,False,[]
889,9.5,8.5,8.5,0.001,False,[]
890,0.5,9.5,8.5,0.001,False,[]
891,1.5,9.5,8.5,0.001,False,[]
892,2.5,9.5,8.5,0.001,False,[]
893,3.5,9.5,8.5,0.001,False,[]
894,4.5,9.5,8.5,0.001,False,[]
895,5.5,9.5,8.5,0.001,False,[]
896,6.5,9.5,8.5,0.001,False,[]
897,7.5,9.5,8.5,0.001,False,[]
898,8.5,9.5,8.5,0.001,False,[]
899,9.5,9.5,8.5,0.001,False,[]
900,0.5,0.5,9.5,0.001,False,[]
901,1.5,0.5,9.5,0.001,False,[]
902,2.5,0.5,9.5,0.001,False,[]
903,3.5,0.5,9.5,0.001,False,[]
904,4.5,0.5,9.5,0.001,False,[]
905,5.5,0.5,9.5,0.001,False,[]
906,6.5,0.5,9.5,0.001,False,[]
907,7.5,0.5,9.5,0.001,False,[]
908,8.5,0.5,9.5,0.001,False,[]
909,9.5,0.5,9.5,0.001,False,[]
910,0.5,1.5,9.5,0.001,False,[]
911,1.5,1.5,9.5,0.001,False,[]
912,2.5,1.5,9.5,0.001,False,[]
913,3.5,1.5,9.5,0.001,False,[]
914,4.5,1.5,9.5,0.001,False,[]
915,5.5,1.5,9.5,0.001,False,[]
916,6.5,1.5,9.5,0.001,False,[]
917,7.5,1.5,9.5,0.001,False,[]
918,8.5,1.5,9.5,0.001,False,[]
919,9.5,1.5,9.5,0.001,False,[]
920,0.5,2.5,9.5,0.001,False,[]
921,1.5,2.5,9.5,1.0,True,[931, 922, 932]
922,2.5,2.5,9.5,1.0,True,[923, 932, 921, 931, 933, 832]
923,3.5,2.5,9.5,1.0,True,[922, 933, 924, 932, 833, 934]
924,4.5,2.5,9.5,1.0,True,[934, 923, 925, 935, 933, 834]
925,5.5,2.5,9.5,1.0,True,[924, 935, 926, 934, 835, 936]
926,6.5,2.5,9.5,1.0,True,[936, 925, 927, 937, 935, 836]
927,7.5,2.5,9.5,1.0,True,[926, 937, 928, 936, 837, 938]
928,8.5,2.5,9.5,1.0,True,[938, 927, 929, 939, 937, 838]
929,9.5,2.5,9.5,1.0,True,[939, 928, 938]
930,0.5,3.5,9.5,0.001,False,[]
931,1.5,3.5,9.5,1.0,True,[932, 941, 921, 922, 942, 832]
932,2.5,3.5,9.5,1.0,True,[922, 942, 933, 931, 832, 941, 842, 943, 923, 921]
933,3.5,3.5,9.5,1.0,True,[833, 943, 932, 923, 934, 843, 832, 942, 944, 924]
934,4.5,3.5,9.5,1.0,True,[924, 944, 933, 935, 834, 943, 844, 945, 925, 923]
935,5.5,3.5,9.5,1.0,True,[835, 945, 934, 925, 936, 845, 834, 944, 946, 924]
936,6.5,3.5,9.5,1.0,True,[926, 935, 946, 937, 836, 925, 835, 945, 947, 927]
937,7.5,3.5,9.5,1.0,True,[837, 947, 936, 927, 938, 847, 836, 946, 948, 928]
938,8.5,3.5,9.5,1.0,True,[928, 948, 937, 939, 838, 947, 848, 949, 837, 927]
939,9.5,3.5,9.5,1.0,True,[938, 949, 929, 948, 928, 838]
940,0.5,4.5,9.5,0.001,False,[]
941,1.5,4.5,9.5,1.0,True,[951, 931, 942, 952, 932, 842]
942,2.5,4.5,9.5,1.0,True,[941, 943, 932, 952, 842, 843, 933, 953, 832, 931]
943,3.5,4.5,9.5,1.0,True,[944, 933, 942, 953, 843, 932, 833, 934, 952, 954]
944,4.5,4.5,9.5,1.0,True,[844, 934, 954, 943, 945, 834, 953, 933, 935, 955]
945,5.5,4.5,9.5,1.0,True,[845, 935, 955, 944, 946, 934, 835, 936, 954, 956]
946,6.5,4.5,9.5,1.0,True,[956, 945, 947, 936, 846, 845, 957, 935, 955, 937]
947,7.5,4.5,9.5,1.0,True,[948, 937, 946, 957, 847, 936, 837, 938, 956, 958]
948,8.5,4.5,9.5,1.0,True,[947, 938, 958, 949, 848, 838, 959, 937, 939, 957]
949,9.5,4.5,9.5,1.0,True,[959, 939, 948, 938, 958, 848]
950,0.5,5.5,9.5,0.001,False,[]
951,1.5,5.5,9.5,1.0,True,[941, 952, 961, 942, 962]
952,2.5,5.5,9.5,1.0,True,[942, 953, 951, 962, 943, 842, 963, 961, 941, 862]
953,3.5,5.5,9.5,1.0,True,[943, 952, 954, 963, 843, 942, 863, 944, 962, 964]
954,4.5,5.5,9.5,1.0,True,[955, 944, 953, 964, 965, 963, 943, 844, 945, 864]
955,5.5,5.5,9.5,1.0,True,[956, 945, 954, 965, 944, 946, 845, 964, 966, 865]
956,6.5,5.5,9.5,1.0,True,[946, 955, 957, 966, 945, 846, 967, 947, 965, 866]
957,7.5,5.5,9.5,1.0,True,[947, 956, 958, 967, 847, 946, 867, 948, 966, 968]
958,8.5,5.5,9.5,1.0,True,[948, 959, 957, 968, 848, 967, 949, 969, 947, 868]
959,9.5,5.5,9.5,1.0,True,[949, 958, 969, 948, 968]
960,0.5,6.5,9.5,0.001,False,[]
961,1.5,6.5,9.5,1.0,True,[971, 951, 962, 972, 952, 862]
962,2.5,6.5,9.5,1.0,True,[961, 952, 972, 963, 862, 951, 973, 872, 971, 863]
963,3.5,6.5,9.5,1.0,True,[863, 953, 973, 962, 964, 972, 974, 952, 862, 873]
964,4.5,6.5,9.5,1.0,True,[963, 965, 954, 974, 864, 865, 953, 975, 955, 973]
965,5.5,6.5,9.5,1.0,True,[966, 955, 964, 975, 865, 954, 956, 974, 875, 864]
966,6.5,6.5,9.5,1.0,True,[965, 956, 976, 967, 866, 977, 867, 975, 876, 865]
967,7.5,6.5,9.5,1.0,True,[867, 957, 977, 966, 968, 976, 978, 956, 958, 866]
968,8.5,6.5,9.5,1.0,True,[969, 958, 978, 967, 868, 957, 979, 959, 878, 977]
969,9.5,6.5,9.5,1.0,True,[979, 959, 968, 958, 978, 868]
970,0.5,7.5,9.5,0.001,False,[]
971,1.5,7.5,9.5,1.0,True,[981, 961, 972, 982, 962, 872]
972,2.5,7.5,9.5,1.0,True,[971, 973, 962, 982, 872, 873, 963, 983, 862, 961]
973,3.5,7.5,9.5,1.0,True,[974, 963, 972, 983, 873, 962, 863, 964, 982, 984]
974,4.5,7.5,9.5,1.0,True,[973, 975, 964, 984, 874, 875, 963, 965, 985, 983]
975,5.5,7.5,9.5,1.0,True,[976, 974, 965, 985, 875, 874, 966, 964, 984, 986]
976,6.5,7.5,9.5,1.0,True,[975, 977, 966, 986, 876, 877, 967, 987, 985, 965]
977,7.5,7.5,9.5,1.0,True,[978, 967, 976, 987, 877, 966, 867, 968, 986, 988]
978,8.5,7.5,9.5,1.0,True,[977, 968, 988, 979, 878, 868, 989, 967, 969, 987]
979,9.5,7.5,9.5,1.0,True,[989, 969, 978, 968, 988, 878]
980,0.5,8.5,9.5,0.001,False,[]
981,1.5,8.5,9.5,1.0,True,[982, 971, 972]
982,2.5,8.5,9.5,1.0,True,[981, 983, 972, 973, 971, 872]
983,3.5,8.5,9.5,1.0,True,[984, 982, 973, 972, 974, 873]
984,4.5,8.5,9.5,1.0,True,[983, 985, 974, 975, 973, 874]
985,5.5,8.5,9.5,1.0,True,[986, 984, 975, 974, 976, 875]
986,6.5,8.5,9.5,1.0,True,[985, 987, 976, 977, 975, 876]
987,7.5,8.5,9.5,1.0,True,[988, 986, 977, 976, 978, 877]
988,8.5,8.5,9.5,1.0,True,[987, 989, 978, 979, 977, 878]
989,9.5,8.5,9.5,1.0,True,[988, 979, 978]
990,0.5,9.5,9.5,0.001,False,[]
991,1.5,9.5,9.5,0.001,False,[]
992,2.5,9.5,9.5,0.001,False,[]
993,3.5,9.5,9.5,0.001,False,[]
994,4.5,9.5,9.5,0.001,False,[]
995,5.5,9.5,9.5,0.001,False,[]
996,6.5,9.5,9.5,0.001,False,[]
997,7.5,9.5,9.5,0.001,False,[]
998,8.5,9.5,9.5,0.001,False,[]
999,9.5,9.5,9.5,0.001,False,[]
